screen_name,user_id,created_at,status_id,text,retweet_count,favorite_count,is_quote_status,quote_status_id,is_retweet,retweet_status_id,in_reply_to_status_status_id,in_reply_to_status_user_id,in_reply_to_status_screen_name,lang,source,media_id,media_url,media_url_expanded,urls,urls_display,urls_expanded,mentions_screen_name,mentions_user_id,symbols,hashtags,coordinates,place_id,place_type,place_name,place_full_name,country_code,country,bounding_box_coordinates,bounding_box_type
mathieubray,2319911498,2017-09-29T18:20:53Z,913830957211357185,@MannyElk paste0 bro!,0,2,FALSE,NA,FALSE,NA,NA,NA,NA,en,TweetDeck,NA,NA,NA,NA,NA,NA,MannyElk,956982167401320453,NA,NA,NA,NA,NA,NA,NA,NA,NA,NA,NA
mathieubray,2319911498,2017-09-15T15:19:11Z,908711803693256704,@StefanWolejszo Sometimes its easier to just assume every hockey writer has been scooped up by them already üòâ,0,1,FALSE,NA,FALSE,NA,908711523731873792,2170854158,StefanWolejszo,en,Twitter for Android,NA,NA,NA,NA,NA,NA,StefanWolejszo,2170854158,NA,NA,NA,NA,NA,NA,NA,NA,NA,NA,NA
mathieubray,2319911498,2017-09-15T15:16:54Z,908711226791923713,@StefanWolejszo You haven't been hired by The Athletic yet?,0,0,FALSE,NA,FALSE,NA,908709709858959360,2170854158,StefanWolejszo,en,Twitter for Android,NA,NA,NA,NA,NA,NA,StefanWolejszo,2170854158,NA,NA,NA,NA,NA,NA,NA,NA,NA,NA,NA
mathieubray,2319911498,2017-09-08T14:33:36Z,906163618047242246,@ml_han @mcgillu @HabsEOTP @TheAthleticTO ayyyyy congrats bud!,0,0,FALSE,NA,FALSE,NA,NA,NA,NA,en,TweetDeck,NA,NA,NA,NA,NA,NA,mcgillu HabsEOTP TheAthleticTO,18065266 196380056 778687957435764738,NA,NA,NA,NA,NA,NA,NA,NA,NA,NA,NA
mathieubray,2319911498,2017-09-03T02:04:52Z,904163252694913024,"RT @CoachPearsonUM: Great to see Sidney Crosby and Nate Mackinnon wearing the Maize and Blue with Turco,Fox and Coach Muckalt. Go Blue ! ht‚Ä¶",433,0,FALSE,NA,TRUE,904150766755213312,NA,NA,NA,en,TweetDeck,NA,NA,NA,NA,NA,NA,CoachPearsonUM,3046795419,NA,NA,NA,NA,NA,NA,NA,NA,NA,NA,NA
mathieubray,2319911498,2017-08-28T17:45:28Z,902225635870986241,@AdamWylde üëÄ @TheAthleticMIN,0,1,FALSE,NA,FALSE,NA,902224603438866433,55121758,AdamWylde,und,Twitter for Android,NA,NA,NA,NA,NA,NA,AdamWylde TheAthleticMIN,55121758 807787372171718656,NA,NA,NA,NA,NA,NA,NA,NA,NA,NA,NA
mathieubray,2319911498,2017-08-25T14:47:24Z,901093658904199168,Yup https://t.co/GNsu7WDqYr,0,0,TRUE,901079925179940869,FALSE,NA,NA,NA,NA,und,TweetDeck,NA,NA,NA,NA,twitter.com/Deadspin/statu‚Ä¶,https://twitter.com/Deadspin/status/901079925179940869,NA,NA,NA,NA,NA,NA,NA,NA,NA,NA,NA,NA,NA
mathieubray,2319911498,2017-08-24T17:32:25Z,900772798016225282,The end credits of Mad Men made me realize that pretty much every song is a cover https://t.co/zQlxu8Rhza,0,0,TRUE,900511297766387713,FALSE,NA,NA,NA,NA,en,TweetDeck,NA,NA,NA,NA,twitter.com/VilinskiKonjic‚Ä¶,https://twitter.com/VilinskiKonjic/status/900511297766387713,NA,NA,NA,NA,NA,NA,NA,NA,NA,NA,NA,NA,NA
mathieubray,2319911498,2017-08-22T16:05:33Z,900026161513869312,"@IneffectiveMath Classic. Well I tinker with Python from time to time, but RStudio just makes everything so darn easy.",0,0,FALSE,NA,FALSE,NA,900025136098705409,1169454493,IneffectiveMath,en,TweetDeck,NA,NA,NA,NA,NA,NA,IneffectiveMath,1169454493,NA,NA,NA,NA,NA,NA,NA,NA,NA,NA,NA
mathieubray,2319911498,2017-08-22T16:00:04Z,900024784381243395,@IneffectiveMath which IDE (if any) do you use for Python?,0,0,FALSE,NA,FALSE,NA,900022983858761730,1169454493,IneffectiveMath,en,TweetDeck,NA,NA,NA,NA,NA,NA,IneffectiveMath,1169454493,NA,NA,NA,NA,NA,NA,NA,NA,NA,NA,NA
mathieubray,2319911498,2017-08-09T17:58:08Z,895343454720544771,Probably my biggest pet peeve right here. Time your talks in advance folks! https://t.co/cOr1YeVvW9,0,3,TRUE,895339096767332352,FALSE,NA,NA,NA,NA,en,TweetDeck,NA,NA,NA,NA,twitter.com/juliasilge/sta‚Ä¶,https://twitter.com/juliasilge/status/895339096767332352,NA,NA,NA,NA,NA,NA,NA,NA,NA,NA,NA,NA,NA
mathieubray,2319911498,2017-07-27T14:41:19Z,890582879004225537,"@CraigCustance @VICESports @mirtle This might be very niche, but any plans for college hockey coverage?",0,0,FALSE,NA,FALSE,NA,890582274516946945,19050793,CraigCustance,en,TweetDeck,NA,NA,NA,NA,NA,NA,CraigCustance VICESports mirtle,19050793 370871493 17071845,NA,NA,NA,NA,NA,NA,NA,NA,NA,NA,NA
mathieubray,2319911498,2017-07-27T14:36:48Z,890581741345411072,The shuttering of @VICESports was the last straw for me. Looking forward to supporting good content @mirtle‚Ä¶ https://t.co/s8BlF0IvAY,0,2,FALSE,NA,FALSE,NA,NA,NA,NA,en,TweetDeck,NA,NA,NA,NA,twitter.com/i/web/status/8‚Ä¶,https://twitter.com/i/web/status/890581741345411072,VICESports mirtle,370871493 17071845,NA,NA,NA,NA,NA,NA,NA,NA,NA,NA,NA
mathieubray,2319911498,2017-07-24T17:52:52Z,889543923047256065,@twolinepass edward sharpe and the magnetic zeros?,0,2,FALSE,NA,FALSE,NA,889542865369673728,15858396,twolinepass,en,TweetDeck,NA,NA,NA,NA,NA,NA,twolinepass,15858396,NA,NA,NA,NA,NA,NA,NA,NA,NA,NA,NA
mathieubray,2319911498,2017-07-24T16:45:37Z,889526998326009857,@JoshuaCooper You should come back when the art fair isn't going on. You'll have more space to breathe!,0,0,FALSE,NA,FALSE,NA,889524229762306048,16409656,JoshuaCooper,en,TweetDeck,NA,NA,NA,NA,NA,NA,JoshuaCooper,16409656,NA,NA,NA,NA,NA,NA,NA,NA,NA,NA,NA
mathieubray,2319911498,2017-07-22T19:08:27Z,888838168551845889,"Also, from a few months ago, NCAA men's hockey hometown maps, for the heck of it https://t.co/S8vO85Opeu",0,0,FALSE,NA,FALSE,NA,NA,NA,NA,en,TweetDeck,NA,NA,NA,NA,mathieubray.github.io/2017/05/24/NCA‚Ä¶,https://mathieubray.github.io/2017/05/24/NCAA-Hockey-Maps,NA,NA,NA,NA,NA,NA,NA,NA,NA,NA,NA,NA,NA
mathieubray,2319911498,2017-07-22T19:05:08Z,888837334006943746,"ICYMI: Wrote a primer on kidney paired donation, with a worked example using #rstats https://t.co/cg6JdbohKu",0,0,FALSE,NA,FALSE,NA,NA,NA,NA,en,TweetDeck,NA,NA,NA,NA,mathieubray.github.io/2017/07/19/Int‚Ä¶,https://mathieubray.github.io/2017/07/19/Introduction-Kidney-Paired-Donation,NA,NA,NA,rstats,NA,NA,NA,NA,NA,NA,NA,NA,NA
mathieubray,2319911498,2017-07-22T19:01:56Z,888836525303136257,"Modest trend in increasing height, with more tall freaks getting the crease in recent seasons",0,0,FALSE,NA,FALSE,NA,888836231332847620,2319911498,mathieubray,en,TweetDeck,NA,NA,NA,NA,NA,NA,NA,NA,NA,NA,NA,NA,NA,NA,NA,NA,NA,NA,NA
mathieubray,2319911498,2017-07-22T19:00:45Z,888836231332847620,"Jumping on the #ggjoy bandwagon, here are NHL goalie heights over time https://t.co/bfuN878WdU",0,1,FALSE,NA,FALSE,NA,NA,NA,NA,en,TweetDeck,888836116870246400,http://pbs.twimg.com/media/DFXHvTGWsAAwyZn.jpg,https://twitter.com/mathieubray/status/888836231332847620/photo/1,NA,NA,NA,NA,NA,NA,ggjoy,NA,NA,NA,NA,NA,NA,NA,NA,NA
mathieubray,2319911498,2017-07-20T14:29:11Z,888043112609845248,üòÇüòÇüòÇ https://t.co/HAaToiWruz,0,0,TRUE,888042142437867520,FALSE,NA,NA,NA,NA,und,Twitter for Android,NA,NA,NA,NA,twitter.com/StatsbyLopez/s‚Ä¶,https://twitter.com/StatsbyLopez/status/888042142437867520,NA,NA,NA,NA,NA,NA,NA,NA,NA,NA,NA,NA,NA
mathieubray,2319911498,2017-07-19T23:11:56Z,887812277692493828,"Eventually I'll get around to doing something actually useful, still have some ideas kicking around...",0,0,FALSE,NA,FALSE,NA,887811871260200960,2319911498,mathieubray,en,TweetDeck,NA,NA,NA,NA,NA,NA,NA,NA,NA,NA,NA,NA,NA,NA,NA,NA,NA,NA,NA
mathieubray,2319911498,2017-07-19T23:10:19Z,887811871260200960,"In lighter fare, I was messing with some R mapping packages, put together some maps of NCAA hockey players hometowns https://t.co/S8vO85Opeu",0,0,FALSE,NA,FALSE,NA,NA,NA,NA,en,TweetDeck,NA,NA,NA,NA,mathieubray.github.io/2017/05/24/NCA‚Ä¶,https://mathieubray.github.io/2017/05/24/NCAA-Hockey-Maps,NA,NA,NA,NA,NA,NA,NA,NA,NA,NA,NA,NA,NA
mathieubray,2319911498,2017-07-19T23:02:56Z,887810011791069185,"In the post, I make use of the ompr and ggraph packages, by @dirk_sch and @thomasp85 respectively #RStats",0,6,FALSE,NA,FALSE,NA,887809449682980867,2319911498,mathieubray,en,TweetDeck,NA,NA,NA,NA,NA,NA,dirk_sch thomasp85,500162083 611597719,NA,RStats,NA,NA,NA,NA,NA,NA,NA,NA,NA
mathieubray,2319911498,2017-07-19T23:00:42Z,887809449682980867,Tried writing up a quick primer on kidney paired donation. It turned out quite a bit more complicated than I wanted https://t.co/cg6JdbohKu,4,10,FALSE,NA,FALSE,NA,NA,NA,NA,en,TweetDeck,NA,NA,NA,NA,mathieubray.github.io/2017/07/19/Int‚Ä¶,https://mathieubray.github.io/2017/07/19/Introduction-Kidney-Paired-Donation,NA,NA,NA,NA,NA,NA,NA,NA,NA,NA,NA,NA,NA
mathieubray,2319911498,2017-07-19T22:59:13Z,887809075819556864,"@ml_han meh, probably for the best",0,0,FALSE,NA,FALSE,NA,NA,NA,NA,en,TweetDeck,NA,NA,NA,NA,NA,NA,NA,NA,NA,NA,NA,NA,NA,NA,NA,NA,NA,NA,NA
mathieubray,2319911498,2017-07-19T22:57:28Z,887808635841253378,Should I return to twitter y/n?,0,1,FALSE,NA,FALSE,NA,NA,NA,NA,en,TweetDeck,NA,NA,NA,NA,NA,NA,NA,NA,NA,NA,NA,NA,NA,NA,NA,NA,NA,NA,NA
mathieubray,2319911498,2017-06-20T01:21:31Z,876973251599241216,@DownGoesBrown Werenski is exempt,0,0,FALSE,NA,FALSE,NA,876972562512846848,19796721,DownGoesBrown,en,TweetDeck,NA,NA,NA,NA,NA,NA,DownGoesBrown,19796721,NA,NA,NA,NA,NA,NA,NA,NA,NA,NA,NA
mathieubray,2319911498,2017-04-24T13:45:17Z,856504320417726464,"RT @umichhockey: Welcome Back! Mel Pearson Named Michigan Head Hockey Coach 
&gt;&gt; https://t.co/JEq5eglPyI
#GoBlue „ÄΩÔ∏è https://t.co/5nbiWZLWCt",423,0,FALSE,NA,TRUE,856503113758453761,NA,NA,NA,en,TweetDeck,856503073862148097,http://pbs.twimg.com/media/C-LpAfqVYAEq41-.jpg,https://twitter.com/umichhockey/status/856503113758453761/photo/1,NA,myumi.ch/LzRow,http://myumi.ch/LzRow,umichhockey,21777967,NA,GoBlue,NA,NA,NA,NA,NA,NA,NA,NA,NA
mathieubray,2319911498,2017-04-21T02:17:02Z,855243952538234880,Been busy but just wanted to chime in and say the #Habs have been atrocious tonight,0,0,FALSE,NA,FALSE,NA,NA,NA,NA,en,TweetDeck,NA,NA,NA,NA,NA,NA,NA,NA,NA,Habs,NA,NA,NA,NA,NA,NA,NA,NA,NA
mathieubray,2319911498,2017-04-14T16:01:32Z,852914731073634305,"@acthomasca Gotcha. Will let you know what it's like, if I can find my way to North Campus that is...",0,0,FALSE,NA,FALSE,NA,852910322818174979,567539169,acthomasca,en,TweetDeck,NA,NA,NA,NA,NA,NA,acthomasca,567539169,NA,NA,NA,NA,NA,NA,NA,NA,NA,NA,NA
mathieubray,2319911498,2017-04-14T15:33:42Z,852907723654131713,@acthomasca in town for anything in particular?,0,0,FALSE,NA,FALSE,NA,852905675592216577,567539169,acthomasca,en,TweetDeck,NA,NA,NA,NA,NA,NA,acthomasca,567539169,NA,NA,NA,NA,NA,NA,NA,NA,NA,NA,NA
mathieubray,2319911498,2017-04-12T15:05:36Z,852175877387558914,"While I work on kidney exchange/non-directed donation in the abstract, it's always great to see the real-life impact https://t.co/yW7JPjozn4",1,1,FALSE,NA,FALSE,NA,NA,NA,NA,en,TweetDeck,NA,NA,NA,NA,vox.com/science-and-he‚Ä¶,http://www.vox.com/science-and-health/2017/4/11/12716978/kidney-donation-dylan-matthews,NA,NA,NA,NA,NA,NA,NA,NA,NA,NA,NA,NA,NA
mathieubray,2319911498,2017-04-04T01:52:05Z,849077078599315456,EN clinches it for USA. Great game! #WCC2017 https://t.co/n0ZL0ErSam,0,0,FALSE,NA,FALSE,NA,NA,NA,NA,en,Twitter for Android,849077041274269697,http://pbs.twimg.com/media/C8iHEggXsAEEgT_.jpg,https://twitter.com/mathieubray/status/849077078599315456/photo/1,NA,NA,NA,NA,NA,NA,WCC2017,NA,NA,NA,NA,NA,NA,NA,NA,NA
mathieubray,2319911498,2017-04-04T01:28:24Z,849071120254992386,ü§îü§îü§î https://t.co/PrEGHiSJqN,0,0,TRUE,849047368389586944,FALSE,NA,NA,NA,NA,und,Twitter for Android,NA,NA,NA,NA,twitter.com/mathieubray/st‚Ä¶,https://twitter.com/mathieubray/status/849047368389586944,NA,NA,NA,NA,NA,NA,NA,NA,NA,NA,NA,NA,NA
mathieubray,2319911498,2017-04-04T01:07:26Z,849065841249398784,"Like she scored, but also was good defensively, so two sides, same Coyne!  Right!? Ok I'll keep trying... https://t.co/ENRem7k4ww",0,1,TRUE,849064577530769411,FALSE,NA,NA,NA,NA,en,Twitter for Android,NA,NA,NA,NA,twitter.com/mathieubray/st‚Ä¶,https://twitter.com/mathieubray/status/849064577530769411,NA,NA,NA,NA,NA,NA,NA,NA,NA,NA,NA,NA,NA
mathieubray,2319911498,2017-04-04T01:02:24Z,849064577530769411,3-2 USA. Finns ran into penalty trouble. I spent the whole period trying to come up with Coyne puns #TwoSidesOfTheSameCoyne #WWC2017,0,1,FALSE,NA,FALSE,NA,NA,NA,NA,en,Twitter for Android,NA,NA,NA,NA,NA,NA,NA,NA,NA,TwoSidesOfTheSameCoyne WWC2017,NA,NA,NA,NA,NA,NA,NA,NA,NA
mathieubray,2319911498,2017-04-04T00:13:45Z,849052332415475712,"1-1 after 1. USA clearly the stronger team, but the Finns had great chances, and Raty is holding the fort #WWC2017",0,0,FALSE,NA,FALSE,NA,NA,NA,NA,en,Twitter for Android,NA,NA,NA,NA,NA,NA,NA,NA,NA,WWC2017,NA,NA,NA,NA,NA,NA,NA,NA,NA
mathieubray,2319911498,2017-04-03T23:54:01Z,849047368389586944,Folks it may just be that #TheFinnsAreActuallyGood #WWC2017,0,0,FALSE,NA,FALSE,NA,NA,NA,NA,en,Twitter for Android,NA,NA,NA,NA,NA,NA,NA,NA,NA,TheFinnsAreActuallyGood WWC2017,NA,NA,NA,NA,NA,NA,NA,NA,NA
mathieubray,2319911498,2017-04-03T23:41:24Z,849044193494302721,Pretty good seats for this impartial observer tonight #WWC2017 https://t.co/fAkDuEpGHf,0,1,FALSE,NA,FALSE,NA,NA,NA,NA,en,Twitter for Android,849044018000482304,http://pbs.twimg.com/media/C8hpCTOW0AARr1w.jpg,https://twitter.com/mathieubray/status/849044193494302721/photo/1,NA,NA,NA,NA,NA,NA,WWC2017,NA,NA,NA,NA,NA,NA,NA,NA,NA
mathieubray,2319911498,2017-03-31T02:38:09Z,847639119756902400,@scottmatla To be fair it was like three days after the Subban trade and everyone was all riled up,0,0,FALSE,NA,FALSE,NA,847637169988444162,147354110,scottmatla,en,Twitter for Android,NA,NA,NA,NA,NA,NA,scottmatla,147354110,NA,NA,NA,NA,NA,NA,NA,NA,NA,NA,NA
mathieubray,2319911498,2017-03-29T15:27:53Z,847108053174534144,I also meant to have some NCAA Hockey stuff finished up before the Frozen Four... that will not be happening üòë Hopefully soon though,0,0,FALSE,NA,FALSE,NA,847107696759328769,2319911498,mathieubray,en,TweetDeck,NA,NA,NA,NA,NA,NA,NA,NA,NA,NA,NA,NA,NA,NA,NA,NA,NA,NA,NA
mathieubray,2319911498,2017-03-29T15:26:28Z,847107696759328769,Wrote a quick post on extracting notes in Mendeley using R https://t.co/Eo7bIQY5jU,0,0,FALSE,NA,FALSE,NA,NA,NA,NA,en,TweetDeck,NA,NA,NA,NA,mathieubray.github.io/2017/03/29/Ext‚Ä¶,https://mathieubray.github.io/2017/03/29/Extract-Notes-Mendeley,NA,NA,NA,NA,NA,NA,NA,NA,NA,NA,NA,NA,NA
mathieubray,2319911498,2017-03-29T01:48:53Z,846901945440747520,"A propos of nothing, this old @IneffectiveMath shot chart... https://t.co/DTErlXQwUN",0,1,TRUE,809536763152764928,FALSE,NA,NA,NA,NA,en,Twitter for Android,NA,NA,NA,NA,twitter.com/IneffectiveMat‚Ä¶,https://twitter.com/IneffectiveMath/status/809536763152764928,IneffectiveMath,1169454493,NA,NA,NA,NA,NA,NA,NA,NA,NA,NA,NA
mathieubray,2319911498,2017-03-26T20:50:23Z,846102051889274880,"@benoliver_1 @ShutdownLine yeah, now that you mention it, I think they had it boiled down to ""Western Canada""",0,0,FALSE,NA,FALSE,NA,846100516082008068,3146476647,benoliver_1,en,TweetDeck,NA,NA,NA,NA,NA,NA,benoliver_1 ShutdownLine,3146476647 333092717,NA,NA,NA,NA,NA,NA,NA,NA,NA,NA,NA
mathieubray,2319911498,2017-03-26T20:33:18Z,846097751888809985,@ShutdownLine They mentioned on CBC last night that some Canadian teams were looking at him. Think they mentioned Vancouver specifically,0,0,FALSE,NA,FALSE,NA,846097537098485761,333092717,ShutdownLine,en,TweetDeck,NA,NA,NA,NA,NA,NA,ShutdownLine,333092717,NA,NA,NA,NA,NA,NA,NA,NA,NA,NA,NA
mathieubray,2319911498,2017-03-25T16:12:05Z,845669628969930752,"Still, it would be worth it just for the insanity of the Blue Jackets wearing red and the Red Wings wearing blue",0,0,FALSE,NA,FALSE,NA,845669235116380164,2319911498,mathieubray,en,TweetDeck,NA,NA,NA,NA,NA,NA,NA,NA,NA,NA,NA,NA,NA,NA,NA,NA,NA,NA,NA
mathieubray,2319911498,2017-03-25T16:10:32Z,845669235116380164,"This would be awesome, but I get why it'll never happen. Too many different loyalties within the Red Wings fanbase.‚Ä¶ https://t.co/2TjRCEwWjb",0,0,TRUE,845642224822050817,FALSE,NA,NA,NA,NA,en,TweetDeck,NA,NA,NA,NA,twitter.com/i/web/status/8‚Ä¶,https://twitter.com/i/web/status/845669235116380164,NA,NA,NA,NA,NA,NA,NA,NA,NA,NA,NA,NA,NA
mathieubray,2319911498,2017-03-15T20:57:58Z,842117692811313152,@GhostofNyles https://t.co/F0jjFAKGR3,0,1,FALSE,NA,FALSE,NA,842117316062068736,3219943722,AlexNovet,und,Twitter for Android,842117683474767872,http://pbs.twimg.com/tweet_video_thumb/C6_NkkaWoAAQezJ.jpg,https://twitter.com/mathieubray/status/842117692811313152/photo/1,NA,NA,NA,GhostofNyles,301067419,NA,NA,NA,NA,NA,NA,NA,NA,NA,NA,NA
mathieubray,2319911498,2017-03-15T12:59:22Z,841997249060196352,"For anyone still at #ENAR2017, I'll be at the Health Services Research section talking kidney exchange at 11:15. Drop by and say hi!",0,0,FALSE,NA,FALSE,NA,NA,NA,NA,en,TweetDeck,NA,NA,NA,NA,NA,NA,NA,NA,NA,ENAR2017,NA,NA,NA,NA,NA,NA,NA,NA,NA
mathieubray,2319911498,2017-03-12T22:39:30Z,841056079886864384,Off to #ENAR2017. Biostats! #nerdspringbreak,0,2,FALSE,NA,FALSE,NA,NA,NA,NA,en,Twitter for Android,NA,NA,NA,NA,NA,NA,NA,NA,NA,ENAR2017 nerdspringbreak,NA,NA,NA,NA,NA,NA,NA,NA,NA
mathieubray,2319911498,2017-03-11T20:52:42Z,840666817043521536,"But first, I'll be at the ENAR conference in DC this week, talking kidney exchange. Frantically trying to cut down presentation to 15 min",0,0,FALSE,NA,FALSE,NA,840665088046567424,2319911498,mathieubray,en,TweetDeck,NA,NA,NA,NA,NA,NA,NA,NA,NA,NA,NA,NA,NA,NA,NA,NA,NA,NA,NA
mathieubray,2319911498,2017-03-11T20:45:50Z,840665088046567424,Started adding some NCAA hockey stuff to Github. Should have a post (or more?) coming up in the next little while https://t.co/BYcaMnJQ8h,0,1,FALSE,NA,FALSE,NA,NA,NA,NA,en,TweetDeck,NA,NA,NA,NA,github.com/mathieubray/Ho‚Ä¶,https://github.com/mathieubray/Hockey/tree/master/NCAA,NA,NA,NA,NA,NA,NA,NA,NA,NA,NA,NA,NA,NA
mathieubray,2319911498,2017-03-08T18:57:33Z,839550675256233984,Power outage *and* a fire alarm in one day?! I'm reaching nuclear levels of unproductivity today,0,0,FALSE,NA,FALSE,NA,NA,NA,NA,en,Twitter for Android,NA,NA,NA,NA,NA,NA,NA,NA,NA,NA,NA,NA,NA,NA,NA,NA,NA,NA,NA
mathieubray,2319911498,2017-03-08T04:47:04Z,839336641307234304,"@Steve_Dangle unicorn?... excuse me, unicorn?............... how about ""unihorn?""",0,0,FALSE,NA,FALSE,NA,839335677493985280,24623145,Steve_Dangle,en,Twitter for Android,NA,NA,NA,NA,NA,NA,Steve_Dangle,24623145,NA,NA,NA,NA,NA,NA,NA,NA,NA,NA,NA
mathieubray,2319911498,2017-03-04T03:37:53Z,837869682224951297,Mitch Callahan sounds like he should be solving murder cases in the 50s #RedWings,0,0,FALSE,NA,FALSE,NA,NA,NA,NA,en,Twitter for Android,NA,NA,NA,NA,NA,NA,NA,NA,NA,RedWings,NA,NA,NA,NA,NA,NA,NA,NA,NA
mathieubray,2319911498,2017-03-02T22:41:29Z,837432700894064640,*Insert joke about reproducibility here* https://t.co/SOC1roob9Q,1,0,TRUE,837414967813025792,FALSE,NA,NA,NA,NA,en,TweetDeck,NA,NA,NA,NA,twitter.com/CNET/status/83‚Ä¶,https://twitter.com/CNET/status/837414967813025792,NA,NA,NA,NA,NA,NA,NA,NA,NA,NA,NA,NA,NA
mathieubray,2319911498,2017-03-01T01:46:56Z,836754597876215809,"Is Bergevin's plan to just hoard all the defense in the league? Like, so other teams won't have any?.. #BoldStrategy #Habs",0,1,FALSE,NA,FALSE,NA,NA,NA,NA,en,TweetDeck,NA,NA,NA,NA,NA,NA,NA,NA,NA,BoldStrategy Habs,NA,NA,NA,NA,NA,NA,NA,NA,NA
mathieubray,2319911498,2017-02-26T02:50:55Z,835683535067484161,Hey both the habs and the wolverines won tonight üëçüëçüëç,0,0,FALSE,NA,FALSE,NA,NA,NA,NA,en,Twitter for Android,NA,NA,NA,NA,NA,NA,NA,NA,NA,NA,NA,NA,NA,NA,NA,NA,NA,NA,NA
mathieubray,2319911498,2017-02-26T01:24:34Z,835661801924747264,Also Pacioretty scored.. so theres that,0,0,FALSE,NA,FALSE,NA,835661558344790016,2319911498,mathieubray,en,Twitter for Android,NA,NA,NA,NA,NA,NA,NA,NA,NA,NA,NA,NA,NA,NA,NA,NA,NA,NA,NA
mathieubray,2319911498,2017-02-26T01:23:36Z,835661558344790016,üêßüêßüêß https://t.co/a4eEAPxqcJ,0,0,TRUE,835656598232129536,FALSE,NA,NA,NA,NA,und,Twitter for Android,NA,NA,NA,NA,twitter.com/NHL/status/835‚Ä¶,https://twitter.com/NHL/status/835656598232129536,NA,NA,NA,NA,NA,NA,NA,NA,NA,NA,NA,NA,NA
mathieubray,2319911498,2017-02-26T01:16:10Z,835659689958473730,üòçüòçüòç https://t.co/CxNm91PaeA,0,0,TRUE,835658010538061826,FALSE,NA,NA,NA,NA,und,Twitter for Android,NA,NA,NA,NA,twitter.com/mikeFAIL/statu‚Ä¶,https://twitter.com/mikeFAIL/status/835658010538061826,NA,NA,NA,NA,NA,NA,NA,NA,NA,NA,NA,NA,NA
mathieubray,2319911498,2017-02-26T00:43:56Z,835651578753388544,"Big #UMich presence at Habs v Leafs tonight. Hyman, Hunwick, Pacioretty, Montoya (backup). Pateryn scratched #GoBlue #gohabsgo",0,1,FALSE,NA,FALSE,NA,NA,NA,NA,en,Twitter for Android,NA,NA,NA,NA,NA,NA,NA,NA,NA,UMich GoBlue gohabsgo,NA,NA,NA,NA,NA,NA,NA,NA,NA
mathieubray,2319911498,2017-02-24T14:55:47Z,835141177242435584,@ml_han well as long as Subban is a big factor in the Predator's upcoming cup run you should be fine ;),0,0,FALSE,NA,FALSE,NA,NA,NA,NA,en,TweetDeck,NA,NA,NA,NA,NA,NA,NA,NA,NA,NA,NA,NA,NA,NA,NA,NA,NA,NA,NA
mathieubray,2319911498,2017-02-24T14:48:45Z,835139409393631232,@ml_han btw Simon sent me your interview on Radio-Canada. Nice work!,0,0,FALSE,NA,FALSE,NA,NA,NA,NA,en,TweetDeck,NA,NA,NA,NA,NA,NA,NA,NA,NA,NA,NA,NA,NA,NA,NA,NA,NA,NA,NA
mathieubray,2319911498,2017-02-24T14:30:20Z,835134771621736448,@ngreenberg sent!,0,0,FALSE,NA,FALSE,NA,835133788107730945,14736892,ngreenberg,en,TweetDeck,NA,NA,NA,NA,NA,NA,ngreenberg,14736892,NA,NA,NA,NA,NA,NA,NA,NA,NA,NA,NA
mathieubray,2319911498,2017-02-24T14:19:11Z,835131968530616323,@ml_han havent read yet but Schuckers and Seppa did some text analysis on prospect scouting reports. Seems relevant and practical,0,0,FALSE,NA,FALSE,NA,NA,NA,NA,en,Twitter for Android,NA,NA,NA,NA,NA,NA,NA,NA,NA,NA,NA,NA,NA,NA,NA,NA,NA,NA,NA
mathieubray,2319911498,2017-02-24T14:14:42Z,835130838585061376,@ml_han ultimately its a demo of a newish curiosity in data science. Its written more in tutorial style for that reason.,0,0,FALSE,NA,FALSE,NA,NA,NA,NA,en,Twitter for Android,NA,NA,NA,NA,NA,NA,NA,NA,NA,NA,NA,NA,NA,NA,NA,NA,NA,NA,NA
mathieubray,2319911498,2017-02-24T14:09:39Z,835129565869654023,@ngreenberg thanks Neil!,0,0,FALSE,NA,FALSE,NA,835128962070241281,14736892,ngreenberg,en,Twitter for Android,NA,NA,NA,NA,NA,NA,ngreenberg,14736892,NA,NA,NA,NA,NA,NA,NA,NA,NA,NA,NA
mathieubray,2319911498,2017-02-24T14:09:19Z,835129482063261697,"@ml_han no question, and it shows in the work. Not a lot of variety in the language, small effects etc.",0,0,FALSE,NA,FALSE,NA,NA,NA,NA,en,Twitter for Android,NA,NA,NA,NA,NA,NA,NA,NA,NA,NA,NA,NA,NA,NA,NA,NA,NA,NA,NA
mathieubray,2319911498,2017-02-24T14:06:35Z,835128796948889600,@BWest_Trib thanks Bill!,0,0,FALSE,NA,FALSE,NA,835127177960165376,735464352,Just_BWest,en,Twitter for Android,NA,NA,NA,NA,NA,NA,bwest_trib,880768697987735553,NA,NA,NA,NA,NA,NA,NA,NA,NA,NA,NA
mathieubray,2319911498,2017-02-24T01:51:31Z,834943812015386624,@davelozo wait then who does Miles Teller play?,0,0,FALSE,NA,FALSE,NA,834942963688026112,28333369,davelozo,en,TweetDeck,NA,NA,NA,NA,NA,NA,davelozo,28333369,NA,NA,NA,NA,NA,NA,NA,NA,NA,NA,NA
mathieubray,2319911498,2017-02-24T01:28:48Z,834938093929103361,@StatsbyLopez thanks!,0,0,FALSE,NA,FALSE,NA,834935058419040257,532752544,StatsbyLopez,en,TweetDeck,NA,NA,NA,NA,NA,NA,StatsbyLopez,532752544,NA,NA,NA,NA,NA,NA,NA,NA,NA,NA,NA
mathieubray,2319911498,2017-02-23T20:50:46Z,834868125401305088,@D_Jedamski thanks!,0,0,FALSE,NA,FALSE,NA,834863339192909824,75066330,D_Jedamski,en,TweetDeck,NA,NA,NA,NA,NA,NA,D_Jedamski,75066330,NA,NA,NA,NA,NA,NA,NA,NA,NA,NA,NA
mathieubray,2319911498,2017-02-23T20:30:25Z,834863003711442945,For hockey folks intrigued about recent work by @timoseppa and @SchuckersM this post can help get started with text-based analysis using R,2,0,FALSE,NA,FALSE,NA,834862693152587776,2319911498,mathieubray,en,TweetDeck,NA,NA,NA,NA,NA,NA,timoseppa SchuckersM,27223115 365546833,NA,NA,NA,NA,NA,NA,NA,NA,NA,NA,NA
mathieubray,2319911498,2017-02-23T20:29:11Z,834862693152587776,It's basically me mucking around with the tidytext package by @drob and @juliasilge but with hockey! #rstats,0,1,FALSE,NA,FALSE,NA,834862369809514496,2319911498,mathieubray,en,TweetDeck,NA,NA,NA,NA,NA,NA,drob juliasilge,46245868 13074042,NA,rstats,NA,NA,NA,NA,NA,NA,NA,NA,NA
mathieubray,2319911498,2017-02-23T20:27:54Z,834862369809514496,I also recently did some text analysis on a set of coach transcripts from last year's Stanley Cup Final https://t.co/qjFrHMzYWe,5,12,FALSE,NA,FALSE,NA,NA,NA,NA,en,TweetDeck,NA,NA,NA,NA,mathieubray.github.io/2017/02/11/Tex‚Ä¶,https://mathieubray.github.io/2017/02/11/Text-Analysis-Hockey-Coaches,NA,NA,NA,NA,NA,NA,NA,NA,NA,NA,NA,NA,NA
mathieubray,2319911498,2017-02-23T20:26:18Z,834861965185007618,"Anyway, I started pushing some of my old hockey projects to Github. https://t.co/4PzwvMZMFs More to come, and these still need updating...",0,1,FALSE,NA,FALSE,NA,834861523164094464,2319911498,mathieubray,en,TweetDeck,NA,NA,NA,NA,github.com/mathieubray/Ho‚Ä¶,https://github.com/mathieubray/Hockey,NA,NA,NA,NA,NA,NA,NA,NA,NA,NA,NA,NA,NA
mathieubray,2319911498,2017-02-23T20:24:32Z,834861523164094464,Ideally the first tweet after a long break should be funny or memorable... *cough*,0,0,FALSE,NA,FALSE,NA,NA,NA,NA,en,TweetDeck,NA,NA,NA,NA,NA,NA,NA,NA,NA,NA,NA,NA,NA,NA,NA,NA,NA,NA,NA
mathieubray,2319911498,2017-02-14T22:26:34Z,831630740181893120,@StefanWolejszo I remember seeing that the CBA mandates no practice during the bye weeks though,1,1,FALSE,NA,FALSE,NA,831629013982384128,2170854158,StefanWolejszo,en,TweetDeck,NA,NA,NA,NA,NA,NA,StefanWolejszo,2170854158,NA,NA,NA,NA,NA,NA,NA,NA,NA,NA,NA
mathieubray,2319911498,2017-01-27T01:07:03Z,824785759727153152,@MannyElk np. I've actually been working on a hockey themed NLP blog post. Just have to find the time to write the damn thing,0,0,FALSE,NA,FALSE,NA,NA,NA,NA,en,Twitter for Android,NA,NA,NA,NA,NA,NA,MannyElk,956982167401320453,NA,NA,NA,NA,NA,NA,NA,NA,NA,NA,NA
mathieubray,2319911498,2017-01-27T00:58:18Z,824783559558885377,@MannyElk https://t.co/2qdxsSvU2V,0,0,FALSE,NA,FALSE,NA,NA,NA,NA,und,TweetDeck,NA,NA,NA,NA,tidytextmining.com/intro.html,http://tidytextmining.com/intro.html,MannyElk,956982167401320453,NA,NA,NA,NA,NA,NA,NA,NA,NA,NA,NA
mathieubray,2319911498,2016-10-06T16:15:47Z,784064619606339584,@TravisSBN gotcha. agreed,0,0,FALSE,NA,FALSE,NA,784064482037342208,114332930,_travishughes,en,TweetDeck,NA,NA,NA,NA,NA,NA,TravisSBN,927925752070320128,NA,NA,NA,NA,NA,NA,NA,NA,NA,NA,NA
mathieubray,2319911498,2016-10-06T16:14:49Z,784064377787998208,@TravisSBN SJS had 98 points and won the west this year,0,0,FALSE,NA,FALSE,NA,784063520212185088,114332930,_travishughes,en,TweetDeck,NA,NA,NA,NA,NA,NA,TravisSBN,927925752070320128,NA,NA,NA,NA,NA,NA,NA,NA,NA,NA,NA
mathieubray,2319911498,2016-08-11T17:56:02Z,763796129205157888,Patrick Roy quits Avalanche. Whoa https://t.co/EizwJdOvs5,0,5,TRUE,763795365464313857,FALSE,NA,NA,NA,NA,en,TweetDeck,NA,NA,NA,NA,twitter.com/TVASports/stat‚Ä¶,https://twitter.com/TVASports/status/763795365464313857,NA,NA,NA,NA,NA,NA,NA,NA,NA,NA,NA,NA,NA
mathieubray,2319911498,2016-07-30T22:19:43Z,759513832389763072,Earlier today: Saturday Morning Hockey Twitter gonna be jealous... Chelsea vs. Real Madrid at the Big House #ICC2016 https://t.co/NlQCUnXpPy,0,0,FALSE,NA,FALSE,NA,NA,NA,NA,en,Twitter for Android,759513790555754497,http://pbs.twimg.com/media/CopVxLgWEAEyWP2.jpg,https://twitter.com/mathieubray/status/759513832389763072/photo/1,NA,NA,NA,NA,NA,NA,ICC2016,NA,NA,NA,NA,NA,NA,NA,NA,NA
mathieubray,2319911498,2016-07-30T16:01:31Z,759418654970748928,@JGoldsbie do Dick Cheney next,0,0,FALSE,NA,FALSE,NA,759418164136464385,387301710,JGoldsbie,en,TweetDeck,NA,NA,NA,NA,NA,NA,JGoldsbie,387301710,NA,NA,NA,NA,NA,NA,NA,NA,NA,NA,NA
mathieubray,2319911498,2016-07-19T23:32:00Z,755545757122490368,I think we can all agree on this one https://t.co/BVEUOhWwQt,0,1,TRUE,755525240663355392,FALSE,NA,NA,NA,NA,en,TweetDeck,NA,NA,NA,NA,twitter.com/realPOSULLIVAN‚Ä¶,https://twitter.com/realPOSULLIVAN/status/755525240663355392,NA,NA,NA,NA,NA,NA,NA,NA,NA,NA,NA,NA,NA
mathieubray,2319911498,2016-07-14T21:28:45Z,753702800198991872,"@robbtuftshockey IIRC he wasn't supposed to be on the panel, so it was the fact he was speaking at all more than anything specific he said",0,0,FALSE,NA,FALSE,NA,753701961367781376,257613890,robbtuftshockey,en,TweetDeck,NA,NA,NA,NA,NA,NA,robbtuftshockey,257613890,NA,NA,NA,NA,NA,NA,NA,NA,NA,NA,NA
mathieubray,2319911498,2016-07-14T21:21:26Z,753700959814029312,"@robbtuftshockey I ask because I was there, and I don't remember anything *too* inflammatory",0,0,FALSE,NA,FALSE,NA,753700827143999488,257613890,robbtuftshockey,en,TweetDeck,NA,NA,NA,NA,NA,NA,robbtuftshockey,257613890,NA,NA,NA,NA,NA,NA,NA,NA,NA,NA,NA
mathieubray,2319911498,2016-07-14T21:17:55Z,753700076074233856,@robbtuftshockey ...was that on or off the record?,0,0,FALSE,NA,FALSE,NA,753699396861235201,257613890,robbtuftshockey,en,TweetDeck,NA,NA,NA,NA,NA,NA,robbtuftshockey,257613890,NA,NA,NA,NA,NA,NA,NA,NA,NA,NA,NA
mathieubray,2319911498,2016-07-13T18:10:37Z,753290551802363904,Is this the first firing since the hockey analytics boom? https://t.co/kZhBDmHGDT,0,0,TRUE,753287522827038720,FALSE,NA,NA,NA,NA,en,TweetDeck,NA,NA,NA,NA,twitter.com/EricEngels/sta‚Ä¶,https://twitter.com/EricEngels/status/753287522827038720,NA,NA,NA,NA,NA,NA,NA,NA,NA,NA,NA,NA,NA
mathieubray,2319911498,2016-07-08T16:35:15Z,751454611295309824,@DTMAboutHeart PK? :(,0,0,FALSE,NA,FALSE,NA,751452595995062272,2334052453,DTMAboutHeart,und,TweetDeck,NA,NA,NA,NA,NA,NA,DTMAboutHeart,2334052453,NA,NA,NA,NA,NA,NA,NA,NA,NA,NA,NA
mathieubray,2319911498,2016-07-06T12:11:16Z,750663400787705856,@IneffectiveMath i think it's five days,0,1,FALSE,NA,FALSE,NA,750663194545446912,1169454493,IneffectiveMath,en,TweetDeck,NA,NA,NA,NA,NA,NA,IneffectiveMath,1169454493,NA,NA,NA,NA,NA,NA,NA,NA,NA,NA,NA
mathieubray,2319911498,2016-07-01T14:38:01Z,748888395712192512,Looking forward to Byron-Mitchell-Radulov for 9 games between healthy scratches #Habs,0,1,FALSE,NA,FALSE,NA,NA,NA,NA,en,TweetDeck,NA,NA,NA,NA,NA,NA,NA,NA,NA,Habs,NA,NA,NA,NA,NA,NA,NA,NA,NA
mathieubray,2319911498,2016-06-30T01:00:09Z,748320184100786178,There's some precedent for questionable decision making by Bergevin https://t.co/b3Batjqj1k,0,0,FALSE,NA,FALSE,NA,NA,NA,NA,en,TweetDeck,NA,NA,NA,NA,youtube.com/watch?v=iyQswG‚Ä¶,https://www.youtube.com/watch?v=iyQswGcQiN0,NA,NA,NA,NA,NA,NA,NA,NA,NA,NA,NA,NA,NA
mathieubray,2319911498,2016-06-28T18:14:45Z,747855773041033216,@Steve_Dangle https://t.co/NbdU5AAe6x,0,0,FALSE,NA,FALSE,NA,747855382983348224,24623145,Steve_Dangle,und,TweetDeck,NA,NA,NA,NA,en.wikipedia.org/wiki/Hype_cycle,https://en.wikipedia.org/wiki/Hype_cycle,Steve_Dangle,24623145,NA,NA,NA,NA,NA,NA,NA,NA,NA,NA,NA
mathieubray,2319911498,2016-06-28T17:05:18Z,747838293560168448,@scottmatla #habsfanproblems,0,0,FALSE,NA,FALSE,NA,747838052026949632,147354110,scottmatla,und,TweetDeck,NA,NA,NA,NA,NA,NA,scottmatla,147354110,NA,habsfanproblems,NA,NA,NA,NA,NA,NA,NA,NA,NA
mathieubray,2319911498,2016-06-28T17:03:45Z,747837905012408320,@scottmatla you know how that would go down... Byron-Mitchell-Nichushkin for 9 games before he bolts for the KHL for good,0,0,FALSE,NA,FALSE,NA,747836722306768897,147354110,scottmatla,en,TweetDeck,NA,NA,NA,NA,NA,NA,scottmatla,147354110,NA,NA,NA,NA,NA,NA,NA,NA,NA,NA,NA
mathieubray,2319911498,2016-06-28T01:27:50Z,747602374017986560,@ArikParnass grapefruit.. though neither the flavoring or the fruit is any good,0,0,FALSE,NA,FALSE,NA,747600297703448576,152409025,ArikParnass,en,TweetDeck,NA,NA,NA,NA,NA,NA,ArikParnass,152409025,NA,NA,NA,NA,NA,NA,NA,NA,NA,NA,NA
mathieubray,2319911498,2016-06-25T19:35:29Z,746788925797085184,@ml_han won't be able to make it this year :(,0,0,FALSE,NA,FALSE,NA,NA,NA,NA,en,TweetDeck,NA,NA,NA,NA,NA,NA,NA,NA,NA,NA,NA,NA,NA,NA,NA,NA,NA,NA,NA
mathieubray,2319911498,2016-06-25T19:25:36Z,746786439455604737,@ml_han hm.. I just went with laundry detergent. We'll see if I need to go for a round 2 with something more powerful,0,0,FALSE,NA,FALSE,NA,NA,NA,NA,en,TweetDeck,NA,NA,NA,NA,NA,NA,NA,NA,NA,NA,NA,NA,NA,NA,NA,NA,NA,NA,NA
mathieubray,2319911498,2016-06-25T19:20:38Z,746785190580617216,@ml_han give it time.. there's grime from the mid-2000s on some of that gear :/,0,0,FALSE,NA,FALSE,NA,NA,NA,NA,en,TweetDeck,NA,NA,NA,NA,NA,NA,NA,NA,NA,NA,NA,NA,NA,NA,NA,NA,NA,NA,NA
mathieubray,2319911498,2016-06-25T18:47:41Z,746776896038273024,Taking summer off from beer league. This was long overdue... https://t.co/7K2RgLh5AZ,0,0,FALSE,NA,FALSE,NA,NA,NA,NA,en,Twitter for Android,746776867982696448,http://pbs.twimg.com/media/Cl0VmtaWYAAoXZn.jpg,https://twitter.com/mathieubray/status/746776896038273024/photo/1,NA,NA,NA,NA,NA,NA,NA,NA,NA,NA,NA,NA,NA,NA,NA,NA
mathieubray,2319911498,2016-06-25T00:13:35Z,746496524876582912,@DTMAboutHeart bit of a Scott Glennie type in my mind..,0,0,FALSE,NA,FALSE,NA,746496053021646848,2334052453,DTMAboutHeart,en,TweetDeck,NA,NA,NA,NA,NA,NA,DTMAboutHeart,2334052453,NA,NA,NA,NA,NA,NA,NA,NA,NA,NA,NA
mathieubray,2319911498,2016-06-24T23:08:03Z,746480033477320704,@JGoldsbie What about #Lumbus ?,0,0,FALSE,NA,FALSE,NA,746479101666533380,387301710,JGoldsbie,en,TweetDeck,NA,NA,NA,NA,NA,NA,JGoldsbie,387301710,NA,Lumbus,NA,NA,NA,NA,NA,NA,NA,NA,NA
mathieubray,2319911498,2016-06-24T23:07:48Z,746479971594567680,How's it goin'? #longabsence,0,0,FALSE,NA,FALSE,NA,NA,NA,NA,en,TweetDeck,NA,NA,NA,NA,NA,NA,NA,NA,NA,longabsence,NA,NA,NA,NA,NA,NA,NA,NA,NA
mathieubray,2319911498,2016-06-20T12:52:27Z,744875560216702976,@draglikepull trough of disillusionment,0,0,FALSE,NA,FALSE,NA,744874979041419264,187719856,draglikepull,en,TweetDeck,NA,NA,NA,NA,NA,NA,draglikepull,187719856,NA,NA,NA,NA,NA,NA,NA,NA,NA,NA,NA
mathieubray,2319911498,2016-05-25T23:05:40Z,735607795765157890,"@draglikepull ""viz""",0,0,FALSE,NA,FALSE,NA,735594738389254144,187719856,draglikepull,und,TweetDeck,NA,NA,NA,NA,NA,NA,draglikepull,187719856,NA,NA,NA,NA,NA,NA,NA,NA,NA,NA,NA
mathieubray,2319911498,2016-05-10T01:27:38Z,729845317231890432,@ArikParnass there was an SI article about him the other day. Guy doesn't sleep! Have to commend the dedication,0,0,FALSE,NA,FALSE,NA,729844870144245760,152409025,ArikParnass,en,TweetDeck,NA,NA,NA,NA,NA,NA,ArikParnass,152409025,NA,NA,NA,NA,NA,NA,NA,NA,NA,NA,NA
mathieubray,2319911498,2016-05-07T17:58:00Z,729007390071394305,@MacSapintosh @garrethohl ...whereas Stathletes employs an army of manual trackers,0,0,FALSE,NA,FALSE,NA,729007283112443905,2319911498,mathieubray,en,TweetDeck,NA,NA,NA,NA,NA,NA,MacSapintosh GarretHohl,172162149 260790076,NA,NA,NA,NA,NA,NA,NA,NA,NA,NA,NA
mathieubray,2319911498,2016-05-07T17:57:35Z,729007283112443905,"@MacSapintosh @garrethohl from what I can gather, SL uses machine learning techniques to extract data from game feeds...",0,0,FALSE,NA,FALSE,NA,729005095463964672,172162149,MacSapintosh,en,TweetDeck,NA,NA,NA,NA,NA,NA,MacSapintosh GarretHohl,172162149 260790076,NA,NA,NA,NA,NA,NA,NA,NA,NA,NA,NA
mathieubray,2319911498,2016-05-03T14:04:30Z,727499074027429889,@twolinepass unless Boudreau wins it for this season,0,0,FALSE,NA,FALSE,NA,727498468219052032,15858396,twolinepass,en,TweetDeck,NA,NA,NA,NA,NA,NA,twolinepass,15858396,NA,NA,NA,NA,NA,NA,NA,NA,NA,NA,NA
mathieubray,2319911498,2016-04-29T13:21:49Z,726038781233614848,Great prediction from October https://t.co/RQQkcgPhJc,0,0,TRUE,659201095529594880,FALSE,NA,NA,NA,NA,en,TweetDeck,NA,NA,NA,NA,twitter.com/mathieubray/st‚Ä¶,https://twitter.com/mathieubray/status/659201095529594880,NA,NA,NA,NA,NA,NA,NA,NA,NA,NA,NA,NA,NA
mathieubray,2319911498,2016-04-19T14:16:51Z,722428753708716033,"@wyshynski Ever since you pointed this out, I can't help but check every time. From https://t.co/m7vwSAxpkq https://t.co/zV0O1myXpt",1,2,FALSE,NA,FALSE,NA,NA,28035990,wyshynski,en,TweetDeck,722428573819281408,http://pbs.twimg.com/media/CgaU9dYXIAAXqHN.jpg,https://twitter.com/mathieubray/status/722428753708716033/photo/1,NA,theplayerstribune.com/tommy-olczyk-p‚Ä¶,http://www.theplayerstribune.com/tommy-olczyk-penn-state-hockey/,wyshynski,28035990,NA,NA,NA,NA,NA,NA,NA,NA,NA,NA,NA
mathieubray,2319911498,2016-04-03T17:54:40Z,716685361590697984,RT @umichhockey: Red Berenson will return for a 33rd season behind the bench at Michigan! #GoBlue https://t.co/rFZWKFmYdH,402,0,FALSE,NA,TRUE,716680063261892614,NA,NA,NA,en,TweetDeck,716679979392589824,http://pbs.twimg.com/media/CfIopOVUYAAVAhq.jpg,https://twitter.com/umichhockey/status/716680063261892614/photo/1,NA,NA,NA,umichhockey,21777967,NA,GoBlue,NA,NA,NA,NA,NA,NA,NA,NA,NA
mathieubray,2319911498,2016-04-02T05:02:50Z,716128738732335104,"@SteveBurtch my first thought was L vs R, but dont think that matters for All-Star voting, or even applies in this case...",0,0,FALSE,NA,FALSE,NA,716127224076890112,383901558,SteveBurtch,en,Twitter for Android,NA,NA,NA,NA,NA,NA,SteveBurtch,383901558,NA,NA,NA,NA,NA,NA,NA,NA,NA,NA,NA
mathieubray,2319911498,2016-03-30T03:42:54Z,715021456409763840,@travisyost is it weird that email addresses aren't redacted?,0,0,FALSE,NA,FALSE,NA,715020890656743424,89529185,travisyost,en,TweetDeck,NA,NA,NA,NA,NA,NA,travisyost,89529185,NA,NA,NA,NA,NA,NA,NA,NA,NA,NA,NA
mathieubray,2319911498,2016-03-30T01:02:58Z,714981209890275328,Called it https://t.co/fAfnbp8xU9,0,1,TRUE,714973880218034176,FALSE,NA,NA,NA,NA,en,Twitter for Android,NA,NA,NA,NA,twitter.com/mathieubray/st‚Ä¶,https://twitter.com/mathieubray/status/714973880218034176,NA,NA,NA,NA,NA,NA,NA,NA,NA,NA,NA,NA,NA
mathieubray,2319911498,2016-03-30T00:33:51Z,714973880218034176,"About to start the 2nd period, MTL leads DET 2-1*

*I've already factored in Mantha's inevitable first goal in his hometown later tonight",0,0,FALSE,NA,FALSE,NA,NA,NA,NA,en,TweetDeck,NA,NA,NA,NA,NA,NA,NA,NA,NA,NA,NA,NA,NA,NA,NA,NA,NA,NA,NA
mathieubray,2319911498,2016-03-27T00:39:09Z,713888050640764928,Well that'll do it. Great season though #GoBlue,0,0,FALSE,NA,FALSE,NA,NA,NA,NA,en,Twitter for Android,NA,NA,NA,NA,NA,NA,NA,NA,NA,GoBlue,NA,NA,NA,NA,NA,NA,NA,NA,NA
mathieubray,2319911498,2016-03-27T00:23:29Z,713884110704537601,"@travisyost Andrei Markov has been around for a while, but hes not Canadian, so......",0,0,FALSE,NA,FALSE,NA,713882468760170496,89529185,travisyost,en,Twitter for Android,NA,NA,NA,NA,NA,NA,travisyost,89529185,NA,NA,NA,NA,NA,NA,NA,NA,NA,NA,NA
mathieubray,2319911498,2016-03-27T00:18:25Z,713882835598381057,Oof... bad goal,0,0,FALSE,NA,FALSE,NA,NA,NA,NA,nl,Twitter for Android,NA,NA,NA,NA,NA,NA,NA,NA,NA,NA,NA,NA,NA,NA,NA,NA,NA,NA,NA
mathieubray,2319911498,2016-03-27T00:17:03Z,713882491510251520,Reminder that BOS had three chances to draft him before his selection by WPG https://t.co/tINd6WCkBG,0,0,TRUE,713882104904433666,FALSE,NA,NA,NA,NA,en,Twitter for Android,NA,NA,NA,NA,twitter.com/TSNBobMcKenzie‚Ä¶,https://twitter.com/TSNBobMcKenzie/status/713882104904433666,NA,NA,NA,NA,NA,NA,NA,NA,NA,NA,NA,NA,NA
mathieubray,2319911498,2016-03-27T00:12:04Z,713881235270070272,@GarretHohl your boy just got an A on the equalizer for Michigan,0,0,FALSE,NA,FALSE,NA,NA,260790076,GarretHohl,en,Twitter for Android,NA,NA,NA,NA,NA,NA,GarretHohl,260790076,NA,NA,NA,NA,NA,NA,NA,NA,NA,NA,NA
mathieubray,2319911498,2016-03-26T23:13:50Z,713866578744336384,"If anyone is noticing my pessimism, its because I'm also a habs fan",0,0,FALSE,NA,FALSE,NA,713866172786147329,2319911498,mathieubray,en,Twitter for Android,NA,NA,NA,NA,NA,NA,NA,NA,NA,NA,NA,NA,NA,NA,NA,NA,NA,NA,NA
mathieubray,2319911498,2016-03-26T23:12:13Z,713866172786147329,Lots of defensive zone errors by Michigan today......,0,0,FALSE,NA,FALSE,NA,NA,NA,NA,en,Twitter for Android,NA,NA,NA,NA,NA,NA,NA,NA,NA,NA,NA,NA,NA,NA,NA,NA,NA,NA,NA
mathieubray,2319911498,2016-03-26T22:42:22Z,713858659844022272,Lucky its only 1-0 after 1 period. Hopefully Michigan doesn't lose focus going forward,0,0,FALSE,NA,FALSE,NA,NA,NA,NA,en,Twitter for Android,NA,NA,NA,NA,NA,NA,NA,NA,NA,NA,NA,NA,NA,NA,NA,NA,NA,NA,NA
mathieubray,2319911498,2016-03-26T22:20:40Z,713853202601537536,Tough start for Michigan. Let's just say NoDak is no Penn State... #GoBlue,0,1,FALSE,NA,FALSE,NA,NA,NA,NA,en,TweetDeck,NA,NA,NA,NA,NA,NA,NA,NA,NA,GoBlue,NA,NA,NA,NA,NA,NA,NA,NA,NA
mathieubray,2319911498,2016-03-26T22:02:43Z,713848681905000448,#GoBlue,0,0,FALSE,NA,FALSE,NA,NA,NA,NA,und,TweetDeck,NA,NA,NA,NA,NA,NA,NA,NA,NA,GoBlue,NA,NA,NA,NA,NA,NA,NA,NA,NA
mathieubray,2319911498,2016-03-25T01:10:51Z,713171251129257984,@AndrewBerkshire easiest prediction ever,0,0,FALSE,NA,FALSE,NA,713171012708352001,121224595,AndrewBerkshire,en,TweetDeck,NA,NA,NA,NA,NA,NA,AndrewBerkshire,121224595,NA,NA,NA,NA,NA,NA,NA,NA,NA,NA,NA
mathieubray,2319911498,2016-03-21T17:40:29Z,711970751600050176,"@DTMAboutHeart the big problem is there's no agreement on what constitutes ""stat quality""",0,0,FALSE,NA,FALSE,NA,711968371533869056,2334052453,DTMAboutHeart,en,TweetDeck,NA,NA,NA,NA,NA,NA,DTMAboutHeart,2334052453,NA,NA,NA,NA,NA,NA,NA,NA,NA,NA,NA
mathieubray,2319911498,2016-03-20T16:55:15Z,711596978984099842,The only bad thing about Michigan hockey this year is that there are no good Kyle Connor-Hobey Baker puns to be made,0,0,FALSE,NA,FALSE,NA,NA,NA,NA,en,TweetDeck,NA,NA,NA,NA,NA,NA,NA,NA,NA,NA,NA,NA,NA,NA,NA,NA,NA,NA,NA
mathieubray,2319911498,2016-03-20T16:49:20Z,711595489372807168,@twolinepass in your infinite wisdom who comes out of a potential Northeastern-Michigan matchup?,0,0,FALSE,NA,FALSE,NA,711590680045461505,15858396,twolinepass,en,TweetDeck,NA,NA,NA,NA,NA,NA,twolinepass,15858396,NA,NA,NA,NA,NA,NA,NA,NA,NA,NA,NA
mathieubray,2319911498,2016-03-20T15:32:10Z,711576070869360640,@AndrewBerkshire Kind of looks like Pierre Gauthier... weird,0,0,FALSE,NA,FALSE,NA,711575308563062784,121224595,AndrewBerkshire,en,TweetDeck,NA,NA,NA,NA,NA,NA,AndrewBerkshire,121224595,NA,NA,NA,NA,NA,NA,NA,NA,NA,NA,NA
mathieubray,2319911498,2016-03-20T02:23:55Z,711377700850700288,RT @umichhockey: Michigan wins it 5-3. #GoBlue https://t.co/qAU4YtSFit,1033,0,FALSE,NA,TRUE,711377484378349568,NA,NA,NA,en,Twitter for Android,711377417718226944,http://pbs.twimg.com/media/Cd9R_gxUYAA6ey-.jpg,https://twitter.com/umichhockey/status/711377484378349568/photo/1,NA,NA,NA,umichhockey,21777967,NA,GoBlue,NA,NA,NA,NA,NA,NA,NA,NA,NA
mathieubray,2319911498,2016-03-20T00:09:34Z,711343889333030912,"Even with Minnesota playing in the final, the crowd at Xcel is looking rough for the Big Ten Championship #GoBlue",0,0,FALSE,NA,FALSE,NA,NA,NA,NA,en,TweetDeck,NA,NA,NA,NA,NA,NA,NA,NA,NA,GoBlue,NA,NA,NA,NA,NA,NA,NA,NA,NA
mathieubray,2319911498,2016-03-20T00:05:50Z,711342952971374592,RT @umichhockey: Here we go...we are underway in the 2016 Big Ten Championship! #GoBlue,16,0,FALSE,NA,TRUE,711342781344550914,NA,NA,NA,en,TweetDeck,NA,NA,NA,NA,NA,NA,umichhockey,21777967,NA,GoBlue,NA,NA,NA,NA,NA,NA,NA,NA,NA
mathieubray,2319911498,2016-03-19T02:17:49Z,711013777135833088,"@RegressedPDO really, is 2015-2016 ""Drew Doughty Appreciation Season""?",0,0,FALSE,NA,FALSE,NA,711012666588798976,1161092988,RegressedPDO,en,TweetDeck,NA,NA,NA,NA,NA,NA,RegressedPDO,1161092988,NA,NA,NA,NA,NA,NA,NA,NA,NA,NA,NA
mathieubray,2319911498,2016-03-18T20:50:10Z,710931323851042817,Man... been a rough couple of months for @NateSilver538 #MTSU,0,0,FALSE,NA,FALSE,NA,NA,NA,NA,en,TweetDeck,NA,NA,NA,NA,NA,NA,NateSilver538,16017475,NA,MTSU,NA,NA,NA,NA,NA,NA,NA,NA,NA
mathieubray,2319911498,2016-03-18T19:08:40Z,710905779642089478,RT @michiganalumni: Best of luck to @umichhockey as they take on Penn State today in the Big Ten Tournament. #GoBlue! https://t.co/k7YcTBN9‚Ä¶,26,0,FALSE,NA,TRUE,710903624147345410,NA,NA,NA,en,TweetDeck,NA,NA,NA,NA,NA,NA,michiganalumni umichhockey,25422900 21777967,NA,GoBlue,NA,NA,NA,NA,NA,NA,NA,NA,NA
mathieubray,2319911498,2016-03-18T18:06:30Z,710890136792383488,@GarretHohl crossed over to the dark side eh? ;) congrats!,0,0,FALSE,NA,FALSE,NA,710888448081526784,260790076,GarretHohl,en,TweetDeck,NA,NA,NA,NA,NA,NA,GarretHohl,260790076,NA,NA,NA,NA,NA,NA,NA,NA,NA,NA,NA
mathieubray,2319911498,2016-03-18T17:33:56Z,710881938257649664,@GarretHohl proprietary or public?,0,0,FALSE,NA,FALSE,NA,710880107477340161,260790076,GarretHohl,ro,TweetDeck,NA,NA,NA,NA,NA,NA,GarretHohl,260790076,NA,NA,NA,NA,NA,NA,NA,NA,NA,NA,NA
mathieubray,2319911498,2016-03-15T18:24:09Z,709807414992879616,Is it weird that when I first read this I thought Ladd was referring to Evander Kane? https://t.co/A4ToWUlnHq,0,0,TRUE,709806411019067392,FALSE,NA,NA,NA,NA,en,TweetDeck,NA,NA,NA,NA,twitter.com/BrianHedger/st‚Ä¶,https://twitter.com/BrianHedger/status/709806411019067392,NA,NA,NA,NA,NA,NA,NA,NA,NA,NA,NA,NA,NA
mathieubray,2319911498,2016-03-07T16:43:21Z,706882942891462656,At ENAR conference in Austin. News of the ASA statement on p-values seems to be working as an icebreaker.. https://t.co/NUaThepXYD,0,0,TRUE,706864967753056256,FALSE,NA,NA,NA,NA,en,TweetDeck,NA,NA,NA,NA,twitter.com/acthomasca/sta‚Ä¶,https://twitter.com/acthomasca/status/706864967753056256,NA,NA,NA,NA,NA,NA,NA,NA,NA,NA,NA,NA,NA
mathieubray,2319911498,2016-02-27T02:06:36Z,703400809099370496,Avs trying to end the game on a Hinote. Red Wings trying to preserve their Legace #greattweet,0,0,FALSE,NA,FALSE,NA,NA,NA,NA,en,TweetDeck,NA,NA,NA,NA,NA,NA,NA,NA,NA,greattweet,NA,NA,NA,NA,NA,NA,NA,NA,NA
mathieubray,2319911498,2016-02-27T00:24:02Z,703375000867381249,Did the Avs just reunite the 2001 cup team?,0,0,FALSE,NA,FALSE,NA,NA,NA,NA,en,TweetDeck,NA,NA,NA,NA,NA,NA,NA,NA,NA,NA,NA,NA,NA,NA,NA,NA,NA,NA,NA
mathieubray,2319911498,2016-02-27T00:18:43Z,703373660187435008,Ty Conklin playing in the outdoor game tonight because of course he is,0,0,FALSE,NA,FALSE,NA,NA,NA,NA,en,TweetDeck,NA,NA,NA,NA,NA,NA,NA,NA,NA,NA,NA,NA,NA,NA,NA,NA,NA,NA,NA
mathieubray,2319911498,2016-02-23T18:59:28Z,702206157444800512,LRTs: Lots of broken telephone in MTL these days it seems,0,0,FALSE,NA,FALSE,NA,NA,NA,NA,en,TweetDeck,NA,NA,NA,NA,NA,NA,NA,NA,NA,NA,NA,NA,NA,NA,NA,NA,NA,NA,NA
mathieubray,2319911498,2016-02-23T18:59:01Z,702206040427864064,RT @renlavoietva: #canadiens told us this morning Carey Price skated today. Just been told by the team it wasn't the case. Last time was Su‚Ä¶,13,0,FALSE,NA,TRUE,702204720828588032,NA,NA,NA,en,TweetDeck,NA,NA,NA,NA,NA,NA,renlavoietva,173464745,NA,canadiens,NA,NA,NA,NA,NA,NA,NA,NA,NA
mathieubray,2319911498,2016-02-23T18:58:51Z,702205998388350976,RT @renlavoietva: #canadiens Carey Price skated this morning without his equipment. #tvasports,8,0,FALSE,NA,TRUE,702181451102625797,NA,NA,NA,en,TweetDeck,NA,NA,NA,NA,NA,NA,renlavoietva,173464745,NA,canadiens tvasports,NA,NA,NA,NA,NA,NA,NA,NA,NA
mathieubray,2319911498,2016-02-23T18:58:39Z,702205950636253184,RT @renlavoietva: #canadiens Jeff Petry won't travel to Washington.,16,0,FALSE,NA,TRUE,702178459825610753,NA,NA,NA,en,TweetDeck,NA,NA,NA,NA,NA,NA,renlavoietva,173464745,NA,canadiens,NA,NA,NA,NA,NA,NA,NA,NA,NA
mathieubray,2319911498,2016-02-23T18:58:25Z,702205889349025792,RT @MA_PerreaultTVA: Beaulieu ne sera pas du voyage √† Washington. Weise et Petry oui. #CH #tvasports,8,0,FALSE,NA,TRUE,702161922439909376,NA,NA,NA,fr,TweetDeck,NA,NA,NA,NA,NA,NA,MA_PerreaultTVA,73118022,NA,CH tvasports,NA,NA,NA,NA,NA,NA,NA,NA,NA
mathieubray,2319911498,2016-02-23T18:57:55Z,702205766590197760,RT @renlavoietva: Sorry for the Victor Bartley saga. He's recalled and not injured. Ellis is not recall. #canadiens,20,0,FALSE,NA,TRUE,701977488205991938,NA,NA,NA,en,TweetDeck,NA,NA,NA,NA,NA,NA,renlavoietva,173464745,NA,canadiens,NA,NA,NA,NA,NA,NA,NA,NA,NA
mathieubray,2319911498,2016-02-23T18:57:05Z,702205554224140288,@renlavoietva il me semble qu'il y a beaucoup de confusion a MTL ces jours ci,0,1,FALSE,NA,FALSE,NA,702204415592239104,173464745,renlavoietva,fr,TweetDeck,NA,NA,NA,NA,NA,NA,renlavoietva,173464745,NA,NA,NA,NA,NA,NA,NA,NA,NA,NA,NA
mathieubray,2319911498,2016-02-23T03:01:45Z,701965140191797248,@GagnonFrancois pas assez bon pour la KHL? qui dit ca?,0,1,FALSE,NA,FALSE,NA,701964272625176576,73898082,GagnonFrancois,fr,TweetDeck,NA,NA,NA,NA,NA,NA,GagnonFrancois,73898082,NA,NA,NA,NA,NA,NA,NA,NA,NA,NA,NA
mathieubray,2319911498,2016-02-22T05:36:39Z,701641733130600448,Catching up on the latest episode of OJ. That opening scene with the Kardashian family was... subtle,0,0,FALSE,NA,FALSE,NA,NA,NA,NA,en,TweetDeck,NA,NA,NA,NA,NA,NA,NA,NA,NA,NA,NA,NA,NA,NA,NA,NA,NA,NA,NA
mathieubray,2319911498,2016-02-19T14:38:09Z,700690839585091584,@RegressedPDO Not running your best players out of town :P #topical,0,0,FALSE,NA,FALSE,NA,700690695632203777,1161092988,RegressedPDO,en,TweetDeck,NA,NA,NA,NA,NA,NA,RegressedPDO,1161092988,NA,topical,NA,NA,NA,NA,NA,NA,NA,NA,NA
mathieubray,2319911498,2016-02-19T14:36:51Z,700690516388749312,"Aside, I imagine the way the players have been treated in MTL will give pause to prospective free agents. The harm goes beyond this season",0,0,FALSE,NA,FALSE,NA,700689361159983105,2319911498,mathieubray,en,TweetDeck,NA,NA,NA,NA,NA,NA,NA,NA,NA,NA,NA,NA,NA,NA,NA,NA,NA,NA,NA
mathieubray,2319911498,2016-02-19T14:32:16Z,700689361159983105,The trade deadline can't come soon enough... https://t.co/QPidccK4Jw,0,0,TRUE,700680982257504256,FALSE,NA,NA,NA,NA,en,TweetDeck,NA,NA,NA,NA,twitter.com/LouisJean_TVA/‚Ä¶,https://twitter.com/LouisJean_TVA/status/700680982257504256,NA,NA,NA,NA,NA,NA,NA,NA,NA,NA,NA,NA,NA
mathieubray,2319911498,2016-02-14T21:58:00Z,698989592867901440,"Watching the Bruins against the Red Wings, wondering if NBC had a hand in all of these goals scored #conspiracy",0,0,FALSE,NA,FALSE,NA,NA,NA,NA,en,Twitter for Android,NA,NA,NA,NA,NA,NA,NA,NA,NA,conspiracy,NA,NA,NA,NA,NA,NA,NA,NA,NA
mathieubray,2319911498,2016-02-12T01:03:46Z,697949179612655616,@scottmatla Game 7 against Boston 2 years ago,0,0,FALSE,NA,FALSE,NA,697948468912861184,147354110,scottmatla,en,TweetDeck,NA,NA,NA,NA,NA,NA,scottmatla,147354110,NA,NA,NA,NA,NA,NA,NA,NA,NA,NA,NA
mathieubray,2319911498,2016-02-11T00:22:20Z,697576364451504129,#blessed to be able to watch Phaneufs first game as a Sen in person #imahabsfan #whatamidoinghere https://t.co/whr0Fq4hZ8,0,0,FALSE,NA,FALSE,NA,NA,NA,NA,en,Twitter for Android,697575943267864576,http://pbs.twimg.com/media/Ca5Jn95W0AAuUwW.jpg,https://twitter.com/mathieubray/status/697576364451504129/photo/1,NA,NA,NA,NA,NA,NA,blessed imahabsfan whatamidoinghere,NA,NA,NA,NA,NA,NA,NA,NA,NA
mathieubray,2319911498,2016-02-05T17:43:53Z,695664153701322752,@AndrewBerkshire https://t.co/NlFrmsFzzs,0,0,FALSE,NA,FALSE,NA,695663739337621504,121224595,AndrewBerkshire,und,TweetDeck,NA,NA,NA,NA,wikihow.com/Win-Any-Pokemo‚Ä¶,http://www.wikihow.com/Win-Any-Pokemon-Battle-With-a-Level-1-Rattata,AndrewBerkshire,121224595,NA,NA,NA,NA,NA,NA,NA,NA,NA,NA,NA
mathieubray,2319911498,2016-02-04T14:25:33Z,695251854062657538,"@SteveBurtch @Classlicity @wyshynski @CraigCustance They finished 28th overall in 2011-12, drafted Galchenyuk that summer",0,0,FALSE,NA,FALSE,NA,695251056264093696,383901558,SteveBurtch,en,TweetDeck,NA,NA,NA,NA,NA,NA,SteveBurtch Classlicity wyshynski CraigCustance,383901558 23262329 28035990 19050793,NA,NA,NA,NA,NA,NA,NA,NA,NA,NA,NA
mathieubray,2319911498,2016-02-03T16:07:44Z,694915182112411648,@theactivestick wasn't Gagnon also the guy who ran Cammalleri out of town?,0,0,FALSE,NA,FALSE,NA,694914199533850624,70560285,theactivestick,en,TweetDeck,NA,NA,NA,NA,NA,NA,theactivestick,70560285,NA,NA,NA,NA,NA,NA,NA,NA,NA,NA,NA
mathieubray,2319911498,2016-02-03T16:00:35Z,694913381451620353,@Steve_Dangle A website changed it's layout?!?! I IMMEDIATELY HATE IT!! Rabble rabble rabble rabble rabble all change is bad,0,0,FALSE,NA,FALSE,NA,694913062193725440,24623145,Steve_Dangle,en,TweetDeck,NA,NA,NA,NA,NA,NA,Steve_Dangle,24623145,NA,NA,NA,NA,NA,NA,NA,NA,NA,NA,NA
mathieubray,2319911498,2016-02-03T01:53:18Z,694700152968343552,LT: Not sure what to think about that. The equivalent of 62 books? Seriously?,0,0,FALSE,NA,FALSE,NA,694699577836965889,2319911498,mathieubray,en,TweetDeck,NA,NA,NA,NA,NA,NA,NA,NA,NA,NA,NA,NA,NA,NA,NA,NA,NA,NA,NA
mathieubray,2319911498,2016-02-03T01:51:00Z,694699577836965889,I'm in the top 1% of readers on @Pocket! See the best of what I read last year. https://t.co/CYXuk6XzBY #MyYearInPocket,0,1,FALSE,NA,FALSE,NA,NA,NA,NA,en,Twitter Web Client,NA,NA,NA,NA,getpocket.com/stats/2015/09c‚Ä¶,https://getpocket.com/stats/2015/09c3032202,Pocket,27530178,NA,MyYearInPocket,NA,NA,NA,NA,NA,NA,NA,NA,NA
mathieubray,2319911498,2016-02-01T21:54:45Z,694277735678636033,@wyshynski How could it be anyone other than Jeff Goldblum as Marc Bergevin?,0,0,FALSE,NA,FALSE,NA,694277284304392192,28035990,wyshynski,en,TweetDeck,NA,NA,NA,NA,NA,NA,wyshynski,28035990,NA,NA,NA,NA,NA,NA,NA,NA,NA,NA,NA
mathieubray,2319911498,2016-01-31T22:30:55Z,693924446206349312,Honest question I just thought of... what happens if there's a tie?,0,0,FALSE,NA,FALSE,NA,NA,NA,NA,en,TweetDeck,NA,NA,NA,NA,NA,NA,NA,NA,NA,NA,NA,NA,NA,NA,NA,NA,NA,NA,NA
mathieubray,2319911498,2016-01-31T22:26:37Z,693923365095096321,More like the NHL Some-Stars Game AM I RIGHT FOLKS?!?,0,0,FALSE,NA,FALSE,NA,NA,NA,NA,en,TweetDeck,NA,NA,NA,NA,NA,NA,NA,NA,NA,NA,NA,NA,NA,NA,NA,NA,NA,NA,NA
mathieubray,2319911498,2016-01-31T01:49:26Z,693612019363217410,That was a gorgeous assist by Piazza #GoBlueNYC,0,1,FALSE,NA,FALSE,NA,NA,NA,NA,en,TweetDeck,NA,NA,NA,NA,NA,NA,NA,NA,NA,GoBlueNYC,NA,NA,NA,NA,NA,NA,NA,NA,NA
mathieubray,2319911498,2016-01-31T01:14:16Z,693603167934795776,@MannyElk would you say he showed a bunch of moxie?,0,0,FALSE,NA,FALSE,NA,NA,NA,NA,en,TweetDeck,NA,NA,NA,NA,NA,NA,MannyElk,956982167401320453,NA,NA,NA,NA,NA,NA,NA,NA,NA,NA,NA
mathieubray,2319911498,2016-01-31T00:56:29Z,693598693057024000,The NHL breakaway challenge conveniently wrapped up just as the 2nd period of the Michigan game began #GoBlueNYC,0,0,FALSE,NA,FALSE,NA,NA,NA,NA,en,TweetDeck,NA,NA,NA,NA,NA,NA,NA,NA,NA,GoBlueNYC,NA,NA,NA,NA,NA,NA,NA,NA,NA
mathieubray,2319911498,2016-01-31T00:35:05Z,693593307474190337,@dataandme @theninjagreg we will no longer take this injustice sitting down! #seewhatididthere,0,1,FALSE,NA,FALSE,NA,693583736118599681,3230388598,dataandme,en,TweetDeck,NA,NA,NA,NA,NA,NA,dataandme theninjagreg,3230388598 182900961,NA,seewhatididthere,NA,NA,NA,NA,NA,NA,NA,NA,NA
mathieubray,2319911498,2016-01-30T23:49:11Z,693581756604223488,@theninjagreg but how would you measure site quality? #sitequality,1,2,FALSE,NA,FALSE,NA,693581350603874304,182900961,theninjagreg,en,TweetDeck,NA,NA,NA,NA,NA,NA,theninjagreg,182900961,NA,sitequality,NA,NA,NA,NA,NA,NA,NA,NA,NA
mathieubray,2319911498,2016-01-30T23:37:27Z,693578804904759300,NHL Skills Competition or Michigan vs. Penn State? No brainer #GoBlueNYC,0,0,FALSE,NA,FALSE,NA,NA,NA,NA,en,TweetDeck,NA,NA,NA,NA,NA,NA,NA,NA,NA,GoBlueNYC,NA,NA,NA,NA,NA,NA,NA,NA,NA
mathieubray,2319911498,2016-01-30T20:12:51Z,693527316123783168,Just walked home in a T-shirt and jeans. It is January in Michigan. Please advise.,0,0,FALSE,NA,FALSE,NA,NA,NA,NA,en,TweetDeck,NA,NA,NA,NA,NA,NA,NA,NA,NA,NA,NA,NA,NA,NA,NA,NA,NA,NA,NA
mathieubray,2319911498,2016-01-29T20:19:02Z,693166483782946816,"RT @octonion: You can still lose even if you're taking higher quality shots, but in the long run team success is determined by shot quality.",1,0,FALSE,NA,TRUE,693164584610484224,NA,NA,NA,en,TweetDeck,NA,NA,NA,NA,NA,NA,octonion,77810367,NA,NA,NA,NA,NA,NA,NA,NA,NA,NA,NA
mathieubray,2319911498,2016-01-29T20:18:58Z,693166466041004032,RT @octonion: My view on soccer (and on ice hockey/basketball) is that it's a game of pressure. Greater pressure improves the quality of sh‚Ä¶,1,0,FALSE,NA,TRUE,693164362924691460,NA,NA,NA,en,TweetDeck,NA,NA,NA,NA,NA,NA,octonion,77810367,NA,NA,NA,NA,NA,NA,NA,NA,NA,NA,NA
mathieubray,2319911498,2016-01-27T02:24:25Z,692171269542940672,One good thing to come out of the #habs slump: More üî• @AndrewBerkshire tweets,0,1,FALSE,NA,FALSE,NA,NA,NA,NA,en,TweetDeck,NA,NA,NA,NA,NA,NA,AndrewBerkshire,121224595,NA,habs,NA,NA,NA,NA,NA,NA,NA,NA,NA
mathieubray,2319911498,2016-01-25T17:49:35Z,691679318704013313,@davelozo SPOILERS DAVE! Gah!,0,0,FALSE,NA,FALSE,NA,691679036146327552,28333369,davelozo,en,TweetDeck,NA,NA,NA,NA,NA,NA,davelozo,28333369,NA,NA,NA,NA,NA,NA,NA,NA,NA,NA,NA
mathieubray,2319911498,2016-01-25T05:51:41Z,691498654662803456,@amandabray95 do you have a podcast recommendation or no?,0,1,FALSE,NA,FALSE,NA,691498556264443904,2319911498,mathieubray,en,TweetDeck,NA,NA,NA,NA,NA,NA,amandabray95,165454379,NA,NA,NA,NA,NA,NA,NA,NA,NA,NA,NA
mathieubray,2319911498,2016-01-25T05:51:17Z,691498556264443904,@amandabray95 that's my #brand,0,0,FALSE,NA,FALSE,NA,691498046673260544,165454379,amandabray95,en,TweetDeck,NA,NA,NA,NA,NA,NA,amandabray95,165454379,NA,brand,NA,NA,NA,NA,NA,NA,NA,NA,NA
mathieubray,2319911498,2016-01-25T05:20:51Z,691490894906793985,"Need new podcast recommendations. Interests include hockey, stats, and pointing out plot holes in the Harry Potter series",0,2,FALSE,NA,FALSE,NA,NA,NA,NA,en,TweetDeck,NA,NA,NA,NA,NA,NA,NA,NA,NA,NA,NA,NA,NA,NA,NA,NA,NA,NA,NA
mathieubray,2319911498,2016-01-23T16:37:07Z,690936308261376001,"@MLHS_Mike paraphrasing the headline: ""Looks like I wasnt the problem after all""",0,0,FALSE,NA,FALSE,NA,690934823016275968,410234652,MLHS_Mike,en,Twitter for Android,NA,NA,NA,NA,NA,NA,MLHS_Mike,410234652,NA,NA,NA,NA,NA,NA,NA,NA,NA,NA,NA
mathieubray,2319911498,2016-01-19T17:03:23Z,689493368036921344,"""It's time to move on from the John Scott saga"" https://t.co/nvin2VYXCs",0,0,FALSE,NA,FALSE,NA,NA,NA,NA,en,TweetDeck,689493095558213632,http://pbs.twimg.com/media/CZGSUTvU8AAT67R.png,https://twitter.com/mathieubray/status/689493368036921344/photo/1,NA,NA,NA,NA,NA,NA,NA,NA,NA,NA,NA,NA,NA,NA,NA,NA
mathieubray,2319911498,2016-01-18T17:55:11Z,689144015015555072,@AndrewBerkshire How is Guillaume Latendresse doing these days?,0,1,FALSE,NA,FALSE,NA,689143824136929280,121224595,AndrewBerkshire,en,TweetDeck,NA,NA,NA,NA,NA,NA,AndrewBerkshire,121224595,NA,NA,NA,NA,NA,NA,NA,NA,NA,NA,NA
mathieubray,2319911498,2016-01-15T22:12:24Z,688121582561042433,"Making a Murderer, except about the John Scott trade #topical #relevant",0,0,FALSE,NA,FALSE,NA,NA,NA,NA,en,Twitter for Android,NA,NA,NA,NA,NA,NA,NA,NA,NA,topical relevant,NA,NA,NA,NA,NA,NA,NA,NA,NA
mathieubray,2319911498,2016-01-15T20:02:09Z,688088801558827008,.@MattyPfeffer whyyy????,0,1,FALSE,NA,FALSE,NA,NA,NA,NA,und,TweetDeck,NA,NA,NA,NA,NA,NA,NA,NA,NA,NA,NA,NA,NA,NA,NA,NA,NA,NA,NA
mathieubray,2319911498,2016-01-15T19:20:42Z,688078373537628161,"@muneebalamcu for ASG purposes, yes",0,0,FALSE,NA,FALSE,NA,688078277064429568,155210725,muneebalamcu,en,TweetDeck,NA,NA,NA,NA,NA,NA,muneebalamcu,155210725,NA,NA,NA,NA,NA,NA,NA,NA,NA,NA,NA
mathieubray,2319911498,2016-01-15T19:19:34Z,688078085766406145,@muneebalamcu not enough slots for a defenseman unfortunately,0,0,FALSE,NA,FALSE,NA,688077922922565632,155210725,muneebalamcu,en,TweetDeck,NA,NA,NA,NA,NA,NA,muneebalamcu,155210725,NA,NA,NA,NA,NA,NA,NA,NA,NA,NA,NA
mathieubray,2319911498,2016-01-15T19:18:50Z,688077902135586816,Remember when the #habs won 9 games in a row to start the season? That was pretty great,0,0,FALSE,NA,FALSE,NA,NA,NA,NA,en,TweetDeck,NA,NA,NA,NA,NA,NA,NA,NA,NA,habs,NA,NA,NA,NA,NA,NA,NA,NA,NA
mathieubray,2319911498,2016-01-15T19:15:30Z,688077065283854337,Good time to revisit this question https://t.co/y61A28Yx4C,0,0,TRUE,684785640945397761,FALSE,NA,NA,NA,NA,en,TweetDeck,NA,NA,NA,NA,twitter.com/mathieubray/st‚Ä¶,https://twitter.com/mathieubray/status/684785640945397761,NA,NA,NA,NA,NA,NA,NA,NA,NA,NA,NA,NA,NA
mathieubray,2319911498,2016-01-15T19:15:02Z,688076944894726144,Haha no way https://t.co/R3HymiFm4v,0,0,TRUE,688076802472996865,FALSE,NA,NA,NA,NA,en,TweetDeck,NA,NA,NA,NA,twitter.com/CraigCustance/‚Ä¶,https://twitter.com/CraigCustance/status/688076802472996865,NA,NA,NA,NA,NA,NA,NA,NA,NA,NA,NA,NA,NA
mathieubray,2319911498,2016-01-14T23:48:45Z,687783441946013697,Hockey stats twitter getting snippy today. Where's @nicestatsguy when you need him?,0,0,FALSE,NA,FALSE,NA,NA,NA,NA,en,TweetDeck,NA,NA,NA,NA,NA,NA,NA,NA,NA,NA,NA,NA,NA,NA,NA,NA,NA,NA,NA
mathieubray,2319911498,2016-01-08T18:09:03Z,685523626381197314,@davelozo Your editor didn't get your Carrie reference...,0,0,FALSE,NA,FALSE,NA,685523325007872000,28333369,davelozo,en,TweetDeck,NA,NA,NA,NA,NA,NA,davelozo,28333369,NA,NA,NA,NA,NA,NA,NA,NA,NA,NA,NA
mathieubray,2319911498,2016-01-07T06:22:07Z,684983333974052864,"Let me know when the Powerball jackpot reaches $81,329,630,148...",0,0,FALSE,NA,FALSE,NA,NA,NA,NA,en,TweetDeck,NA,NA,NA,NA,NA,NA,NA,NA,NA,NA,NA,NA,NA,NA,NA,NA,NA,NA,NA
mathieubray,2319911498,2016-01-07T00:13:58Z,684890685485494272,Overheard on NBCSN: Something to the effect of Richards' contract with WSH less of a risk than Semin's with MTL because Cups,0,0,FALSE,NA,FALSE,NA,NA,NA,NA,en,TweetDeck,NA,NA,NA,NA,NA,NA,NA,NA,NA,NA,NA,NA,NA,NA,NA,NA,NA,NA,NA
mathieubray,2319911498,2016-01-06T17:22:14Z,684787067042291712,Though I imagine they would most likely be kept on their assigned ASG team (would be awkward in Scott's case...... this is all hypothetical),0,0,FALSE,NA,FALSE,NA,684786682072285184,2319911498,mathieubray,en,TweetDeck,NA,NA,NA,NA,NA,NA,NA,NA,NA,NA,NA,NA,NA,NA,NA,NA,NA,NA,NA
